<?xml version="1.0" encoding="utf-8"?>
<!DOCTYPE abs SYSTEM "SNPPhentA.dtd">
<abstract ABSTRACTID="1158" TEXT="OBJECTIVE: New genetic variants associated with susceptibility to type 2 diabetes mellitus have been discovered in recent genome-wide association (GWA) studies. The aim of the present study was to examine the association between these diabetogenic variants and gestational diabetes mellitus(GDM). METHODS: The study included 869 Korean women with GDM and 345 female and 287 male Korean non-diabetic controls. We genotyped thesingle nucleotide polymorphisms (SNPs) rs7756992 and rs7754840 in CDKAL1; rs564398, rs1333040, rs10757278 and rs10811661 in the CDKN2A-CDKN2B region; rs8050136 in FTO; rs1111875, rs5015480 and rs7923837 in HHEX; rs4402960 in IGF2BP2; and rs13266634 in SLC30A8. In addition, rs7903146 and rs12255372 in TCF7L2; rs5215 and rs5219 in KCNJ11; and rs3856806 and rs1801282 in PPARG were genotyped. The genotypefrequencies in the GDM patients were compared with those in the non-diabetic controls. RESULTS: Compared with controls (men and women combined), GDM was associated with rs7756992 and rs7754840 (OR 1.55, 95% CI 1.34-1.79, p = 4.17 x 10(-9)) in CDKAL1; rs10811661 (OR 1.49, 95% CI 1.29-1.72, p = 1.05 x 10(-7)) in the CDKN2A-CDKN2B region; rs1111875 (OR 1.27, 95% CI 1.09-1.49, p = 0.003), rs5015480, and rs7923837 in HHEX; rs4402960 (OR 1.18, 95% CI 1.01-1.38, p = 0.03) in IGF2BP2; rs13266634 (OR 1.24, 95% CI 1.07-1.43, p = 0.005) in SLC30A8; and rs7903146 (OR 1.58, 95% CI 1.03-2.43, p = 0.038) in TCF7L2. The risk alleles of the SNPs rs7756992 and rs7754840 in CDKAL1; rs10811661 in the CDKN2A-CDKN2B region; and rs1111875, rs5015480 and rs7923837 in HHEX were associated with significant decreases in the insulin AUC during a 100 g OGTT performed at the time of diagnosis of GDM. CONCLUSIONS: Some of the type 2 diabetes-associated genetic variants that were discovered in the recent GWA studies are also associated with GDM in Koreans.">
	<sentence ID="1158_0" START="925" END="1436">
		<snp ID="0" START="998" END="1007" TEXT="rs7756992"/>
		<snp ID="1" START="1012" END="1021" TEXT="rs7754840"/>
		<snp ID="2" START="1080" END="1090" TEXT="rs10811661"/>
		<snp ID="3" START="1167" END="1176" TEXT="rs1111875"/>
		<snp ID="4" START="1217" END="1226" TEXT="rs5015480"/>
		<snp ID="5" START="1232" END="1241" TEXT="rs7923837"/>
		<snp ID="6" START="1251" END="1260" TEXT="rs4402960"/>
		<snp ID="7" START="1311" END="1321" TEXT="rs13266634"/>
		<snp ID="8" START="1377" END="1386" TEXT="rs7903146"/>
		<phenotype ID="0" START="974" END="1436" text="GDM"/>
		<pair PAIRID="0" PHENOTYPEID="0" SNPID="0" ASSOCIATION="positive" CONFIDENCE="strong"/>
		<pair PAIRID="1" PHENOTYPEID="0" SNPID="1" ASSOCIATION="positive" CONFIDENCE="strong"/>
		<pair PAIRID="2" PHENOTYPEID="0" SNPID="2" ASSOCIATION="positive" CONFIDENCE="strong"/>
		<pair PAIRID="3" PHENOTYPEID="0" SNPID="3" ASSOCIATION="positive" CONFIDENCE="moderate"/>
		<pair PAIRID="4" PHENOTYPEID="0" SNPID="4" ASSOCIATION="positive" CONFIDENCE="weak"/>
		<pair PAIRID="5" PHENOTYPEID="0" SNPID="5" ASSOCIATION="positive" CONFIDENCE="weak"/>
		<pair PAIRID="6" PHENOTYPEID="0" SNPID="6" ASSOCIATION="positive" CONFIDENCE="weak"/>
		<pair PAIRID="7" PHENOTYPEID="0" SNPID="7" ASSOCIATION="positive" CONFIDENCE="moderate"/>
		<pair PAIRID="8" PHENOTYPEID="0" SNPID="8" ASSOCIATION="positive" CONFIDENCE="weak"/>
	</sentence>
	<sentence ID="1158_1" START="1437" END="1712">
		<snp ID="9" START="1466" END="1475" TEXT="rs7756992"/>
		<snp ID="10" START="1480" END="1489" TEXT="rs7754840"/>
		<snp ID="11" START="1501" END="1511" TEXT="rs10811661"/>
		<snp ID="12" START="1545" END="1554" TEXT="rs1111875"/>
		<snp ID="13" START="1556" END="1565" TEXT="rs5015480"/>
		<snp ID="14" START="1570" END="1579" TEXT="rs7923837"/>
		<phenotype ID="1" START="1609" END="1712" text="significant decreases in the insulin"/>
		<phenotype ID="2" START="1708" END="1712" text="GDM"/>
		<pair PAIRID="9" PHENOTYPEID="1" SNPID="9" ASSOCIATION="positive" CONFIDENCE="weak"/>
		<pair PAIRID="10" PHENOTYPEID="1" SNPID="10" ASSOCIATION="positive" CONFIDENCE="weak"/>
		<pair PAIRID="11" PHENOTYPEID="1" SNPID="11" ASSOCIATION="positive" CONFIDENCE="weak"/>
		<pair PAIRID="12" PHENOTYPEID="1" SNPID="12" ASSOCIATION="positive" CONFIDENCE="weak"/>
		<pair PAIRID="13" PHENOTYPEID="1" SNPID="13" ASSOCIATION="positive" CONFIDENCE="weak"/>
		<pair PAIRID="14" PHENOTYPEID="1" SNPID="14" ASSOCIATION="positive" CONFIDENCE="weak"/>
		<pair PAIRID="15" PHENOTYPEID="2" SNPID="9" ASSOCIATION="positive" CONFIDENCE="weak"/>
		<pair PAIRID="16" PHENOTYPEID="2" SNPID="10" ASSOCIATION="positive" CONFIDENCE="weak"/>
		<pair PAIRID="17" PHENOTYPEID="2" SNPID="11" ASSOCIATION="positive" CONFIDENCE="weak"/>
		<pair PAIRID="18" PHENOTYPEID="2" SNPID="12" ASSOCIATION="positive" CONFIDENCE="weak"/>
		<pair PAIRID="19" PHENOTYPEID="2" SNPID="13" ASSOCIATION="positive" CONFIDENCE="weak"/>
		<pair PAIRID="20" PHENOTYPEID="2" SNPID="14" ASSOCIATION="positive" CONFIDENCE="weak"/>
	</sentence>
</abstract>
