<?xml version="1.0" encoding="utf-8"?>
<!DOCTYPE abs SYSTEM "SNPPhentA.dtd">
<abstract ABSTRACTID="1029" TEXT="Two polymorphisms (rs7412, rs429358) that define the epsilon2, epsilon3, and epsilon4 isoforms of apolipoprotein E were significantly associated with percent reduction in LDL-C with atorvastatin (epsilon2 carriers 53.8%, epsilon3/epsilon3 48.1%, and epsilon4 carriers 46.4%, respectively, P=0.00039) and replicated in the pravastatin arm (epsilon2 carriers 22.1%, epsilon3/epsilon3 21.8%, and epsilon4 carriers 16.6%, respectively, P=0.00038).">
	<sentence ID="1029_0" START="0" END="443">
		<snp ID="0" START="19" END="25" TEXT="rs7412"/>
		<snp ID="1" START="27" END="35" TEXT="rs429358"/>
		<phenotype ID="0" START="171" END="443" text="LDL-C with atorvastatin"/>
		<phenotype ID="1" START="322" END="443" text="pravastatin arm"/>
		<pair PAIRID="0" PHENOTYPEID="0" SNPID="0" ASSOCIATION="positive" CONFIDENCE="strong"/>
		<pair PAIRID="1" PHENOTYPEID="1" SNPID="0" ASSOCIATION="positive" CONFIDENCE="strong"/>
		<pair PAIRID="2" PHENOTYPEID="0" SNPID="1" ASSOCIATION="positive" CONFIDENCE="strong"/>
		<pair PAIRID="3" PHENOTYPEID="1" SNPID="1" ASSOCIATION="positive" CONFIDENCE="strong"/>
	</sentence>
</abstract>
