<?xml version="1.0" encoding="utf-8"?>
<!DOCTYPE abs SYSTEM "SNPPhentA.dtd">
<abstract ABSTRACTID="1145" TEXT="Recent genome-wide association studies (GWAS) have discovered several Alzheimer disease (AD) susceptibility loci. However, the identified susceptibility loci are substantially inconsistent across GWAS. We aimed to investigate the association of top associated variants in GWAS with AD inKorean population. We selected 86 single-nucleotide polymorphisms (SNPs) selected from 12 genes (ABCA7, APOE, BIN1, CD2AP, CD33, CLU, CR1, EPHA1, LRAT, MS4A6A, PCDH11X, and PICALM) and genotyped in 290 AD cases and 554 unrelated controls from the same region. Three SNPs[rs429358 in APOE: odds ratio (OR)=4.24, 95% confidence interval (CI)=3.01-5.96, P=1.23×10; rs2075650 in APOE: OR=3.57, 95% CI=2.51-5.06, P=1.23×10; and rs677909 in PICALM: OR=0.63, 95% CI=0.49-0.81, P=0.00036, log additive model] were significantly associated with AD susceptibility after correction for multiple testing. Six additional PICALM SNPs, 3 ABCA7 SNPs, and 1 APOE, CD33, and BIN1 SNPs each had significant uncorrected P values. There was no significant association for age at onset of AD. Our results confirm the association of PICALM gene (encoding phosphatidylinositol-binding protein) in addition to APOE gene with AD susceptibility in Korean population but did not show significant associations of other susceptibility loci with AD.">
	<sentence ID="1145_0" START="547" END="879">
		<snp ID="0" START="558" END="566" TEXT="rs429358"/>
		<snp ID="1" START="649" END="658" TEXT="rs2075650"/>
		<snp ID="2" START="710" END="718" TEXT="rs677909"/>
		<phenotype ID="0" START="823" END="879" text="AD"/>
		<modality_marker  START="781" END="786" text="model"/>
		<pair PAIRID="0" PHENOTYPEID="0" SNPID="0" ASSOCIATION="positive" CONFIDENCE="strong"/>
		<pair PAIRID="1" PHENOTYPEID="0" SNPID="1" ASSOCIATION="positive" CONFIDENCE="strong"/>
		<pair PAIRID="2" PHENOTYPEID="0" SNPID="2" ASSOCIATION="positive" CONFIDENCE="strong"/>
	</sentence>
</abstract>
