<?xml version="1.0" encoding="utf-8"?>
<!DOCTYPE abs SYSTEM "SNPPhentA.dtd">
<abstract ABSTRACTID="1204" TEXT="BACKGROUND: Human sirtuins are a current hotspot for research in neurodegenerative disorders, including Alzheimer's disease (AD). This study investigated whether genetic variants in two members of the sirtuin family, SIRT2 and SIRT3, affected AD susceptibility. METHODS: A genetic case-control study was performed, comprising 534 probable AD cases and 638 nondemented control subjects from the north of Italy and Canton Ticino, Switzerland(discovery population). The study was focused on SIRT2 rs10410544, SIRT3 rs4980329, and SIRT3 rs536715 single nucleotide polymorphisms (SNPs). These SNPs were genotyped by real-time polymerase chain reaction allelic discrimination assay or restriction fragment length polymorphism. The SNPsrs7412 and rs429358, mapping within the apolipoprotein E (APOE) gene, were genotyped by real-time polymerase chain reaction allelic discriminationassay too. In a replication population comprising 756 AD cases and 847 nondemented control subjects, SIRT2 rs10410544, APOE rs7412, and APOErs429358 were genotyped as mentioned previously. RESULTS: In the discovery population, we observed an association between SIRT2 rs10410544 T allele and AD (adjusted odds ratio [OR] = 1.23, 95% confidence interval [CI]: 1.02-1.50, P = .02, after correction for sex, age, and APOE ɛ4 genotype). The association between AD and SIRT2 rs10410544 T allele was only present in APOE ɛ4 noncarriers (adjusted OR = 1.29, 95% CI: 1.03-1.61, P = .03). The replication study did not confirm this evidence. However, the combined analysis on the two cohorts detected the association (adjusted OR = 1.17, 95% CI: 1.02-1.35, P = .02), and only APOE ɛ4 noncarriers were at risk (adjusted OR = 1.2, 95% CI: 1.02-1.43, P = .03). CONCLUSIONS: The SIRT2 rs10410544 T allele deserves further investigation as a novel minor genetic risk factor for AD in the APOE ɛ4-negative Caucasian population.">
	<sentence ID="1204_0" START="1064" END="1307">
		<snp ID="0" START="1143" END="1153" TEXT="rs10410544"/>
		<phenotype ID="0" START="1167" END="1307" text="AD"/>
		<modality_marker  START="1105" END="1113" text="observed"/>
		<pair PAIRID="0" PHENOTYPEID="0" SNPID="0" ASSOCIATION="positive" CONFIDENCE="weak"/>
	</sentence>
	<sentence ID="1204_1" START="1308" END="1454">
		<snp ID="1" START="1345" END="1355" TEXT="rs10410544"/>
		<phenotype ID="1" START="1332" END="1454" text="AD"/>
		<pair PAIRID="1" PHENOTYPEID="1" SNPID="1" ASSOCIATION="positive" CONFIDENCE="weak"/>
	</sentence>
</abstract>
