<?xml version="1.0" encoding="utf-8"?>
<!DOCTYPE abs SYSTEM "SNPPhentA.dtd">
<abstract ABSTRACTID="1269" TEXT="OBJECTIVE: GH deficiency (GHD) in adults is associated with an altered serum lipid profile that responds to GH replacement therapy (GHRT). This studyevaluated the influence of polymorphisms in genes related to lipid metabolism on serum lipid profile before and after 1 year of GHRT in adults. METHODS: In 318 GHD patients, total cholesterol (TC) serum concentrations, LDL-C, HDL-C, and triglycerides (TG) were assessed. Using a candidate gene approach, 20 single nucleotide polymorphisms (SNPs) were genotyped. GH dose was individually titrated to obtain normal serum IGF1 concentrations. RESULTS: At baseline, the minor alleles of cholesteryl ester transfer protein (CETP) gene SNPs rs708272 and rs1800775 were associated with higher serum TC and apolipoprotein E (APOE) gene SNP rs7412 with lower TC concentrations; CETP SNPs rs708272, rs1800775, and rs3764261 and apolipoprotein B (APOB)gene SNP rs693 with higher serum HDL-C; APOE SNP rs7412, peroxisome proliferator-activated receptor gamma (PPARG) gene SNP rs10865710 with lower LDL-C, and CETP SNP rs1800775 with higher LDL-C; and APOE/C1/C4/C2 cluster SNP rs35136575 with lower serum TG. After treatment, APOB SNP rs676210 GG genotype was associated with larger reductions in TC and LDL-C and PPARG SNP rs10865710 CC genotype with greater TC reduction. All associations remained significant when adjusted for age, sex, and BMI. CONCLUSIONS: In GHD adults, multiple SNPs in genes related to lipidmetabolism contributed to individual differences in baseline serum lipid profile. The GH treatment response in TC and LDL-C was influenced by polymorphisms in the APOB and PPARG genes.">
	<sentence ID="1269_0" START="611" END="1145">
		<snp ID="0" START="684" END="692" TEXT="rs708272"/>
		<snp ID="1" START="697" END="706" TEXT="rs1800775"/>
		<snp ID="2" START="748" END="787" TEXT="apolipoprotein E (APOE) gene SNP rs7412"/>
		<snp ID="3" START="828" END="836" TEXT="rs708272"/>
		<snp ID="4" START="838" END="847" TEXT="rs1800775"/>
		<snp ID="5" START="853" END="862" TEXT="rs3764261"/>
		<snp ID="6" START="899" END="904" TEXT="rs693"/>
		<snp ID="7" START="939" END="945" TEXT="rs7412"/>
		<snp ID="8" START="1013" END="1023" TEXT="rs10865710"/>
		<snp ID="9" START="1055" END="1064" TEXT="rs1800775"/>
		<snp ID="10" START="1114" END="1124" TEXT="rs35136575"/>
		<phenotype ID="0" START="728" END="1145" text="higher serum TC"/>
		<phenotype ID="1" START="793" END="1145" text="lower TC concentrations"/>
		<phenotype ID="2" START="910" END="1145" text="higher serum HDL-C"/>
		<phenotype ID="3" START="1029" END="1145" text="lower LDL-C"/>
		<phenotype ID="4" START="1070" END="1145" text="higher LDL-C"/>
		<modality_marker  START="1130" END="1135" text="lower"/>
		<pair PAIRID="0" PHENOTYPEID="0" SNPID="0" ASSOCIATION="positive" CONFIDENCE="weak"/>
		<pair PAIRID="1" PHENOTYPEID="1" SNPID="0" ASSOCIATION="positive" CONFIDENCE="weak"/>
		<pair PAIRID="2" PHENOTYPEID="2" SNPID="0" ASSOCIATION="positive" CONFIDENCE="weak"/>
		<pair PAIRID="3" PHENOTYPEID="3" SNPID="0" ASSOCIATION="positive" CONFIDENCE="weak"/>
		<pair PAIRID="4" PHENOTYPEID="4" SNPID="0" ASSOCIATION="positive" CONFIDENCE="weak"/>
		<pair PAIRID="5" PHENOTYPEID="0" SNPID="1" ASSOCIATION="positive" CONFIDENCE="weak"/>
		<pair PAIRID="6" PHENOTYPEID="1" SNPID="1" ASSOCIATION="positive" CONFIDENCE="weak"/>
		<pair PAIRID="7" PHENOTYPEID="2" SNPID="1" ASSOCIATION="positive" CONFIDENCE="weak"/>
		<pair PAIRID="8" PHENOTYPEID="3" SNPID="1" ASSOCIATION="positive" CONFIDENCE="weak"/>
		<pair PAIRID="9" PHENOTYPEID="4" SNPID="1" ASSOCIATION="positive" CONFIDENCE="weak"/>
		<pair PAIRID="10" PHENOTYPEID="0" SNPID="2" ASSOCIATION="positive" CONFIDENCE="weak"/>
		<pair PAIRID="11" PHENOTYPEID="1" SNPID="2" ASSOCIATION="positive" CONFIDENCE="weak"/>
		<pair PAIRID="12" PHENOTYPEID="2" SNPID="2" ASSOCIATION="positive" CONFIDENCE="weak"/>
		<pair PAIRID="13" PHENOTYPEID="3" SNPID="2" ASSOCIATION="positive" CONFIDENCE="weak"/>
		<pair PAIRID="14" PHENOTYPEID="4" SNPID="2" ASSOCIATION="positive" CONFIDENCE="weak"/>
		<pair PAIRID="15" PHENOTYPEID="0" SNPID="3" ASSOCIATION="positive" CONFIDENCE="weak"/>
		<pair PAIRID="16" PHENOTYPEID="1" SNPID="3" ASSOCIATION="positive" CONFIDENCE="weak"/>
		<pair PAIRID="17" PHENOTYPEID="2" SNPID="3" ASSOCIATION="positive" CONFIDENCE="weak"/>
		<pair PAIRID="18" PHENOTYPEID="3" SNPID="3" ASSOCIATION="positive" CONFIDENCE="weak"/>
		<pair PAIRID="19" PHENOTYPEID="4" SNPID="3" ASSOCIATION="positive" CONFIDENCE="weak"/>
		<pair PAIRID="20" PHENOTYPEID="0" SNPID="4" ASSOCIATION="positive" CONFIDENCE="weak"/>
		<pair PAIRID="21" PHENOTYPEID="1" SNPID="4" ASSOCIATION="positive" CONFIDENCE="weak"/>
		<pair PAIRID="22" PHENOTYPEID="2" SNPID="4" ASSOCIATION="positive" CONFIDENCE="weak"/>
		<pair PAIRID="23" PHENOTYPEID="3" SNPID="4" ASSOCIATION="positive" CONFIDENCE="weak"/>
		<pair PAIRID="24" PHENOTYPEID="4" SNPID="4" ASSOCIATION="positive" CONFIDENCE="weak"/>
		<pair PAIRID="25" PHENOTYPEID="0" SNPID="5" ASSOCIATION="positive" CONFIDENCE="weak"/>
		<pair PAIRID="26" PHENOTYPEID="1" SNPID="5" ASSOCIATION="positive" CONFIDENCE="weak"/>
		<pair PAIRID="27" PHENOTYPEID="2" SNPID="5" ASSOCIATION="positive" CONFIDENCE="weak"/>
		<pair PAIRID="28" PHENOTYPEID="3" SNPID="5" ASSOCIATION="positive" CONFIDENCE="weak"/>
		<pair PAIRID="29" PHENOTYPEID="4" SNPID="5" ASSOCIATION="positive" CONFIDENCE="weak"/>
		<pair PAIRID="30" PHENOTYPEID="0" SNPID="6" ASSOCIATION="positive" CONFIDENCE="weak"/>
		<pair PAIRID="31" PHENOTYPEID="1" SNPID="6" ASSOCIATION="positive" CONFIDENCE="weak"/>
		<pair PAIRID="32" PHENOTYPEID="2" SNPID="6" ASSOCIATION="positive" CONFIDENCE="weak"/>
		<pair PAIRID="33" PHENOTYPEID="3" SNPID="6" ASSOCIATION="positive" CONFIDENCE="weak"/>
		<pair PAIRID="34" PHENOTYPEID="4" SNPID="6" ASSOCIATION="positive" CONFIDENCE="weak"/>
		<pair PAIRID="35" PHENOTYPEID="0" SNPID="7" ASSOCIATION="positive" CONFIDENCE="weak"/>
		<pair PAIRID="36" PHENOTYPEID="1" SNPID="7" ASSOCIATION="positive" CONFIDENCE="weak"/>
		<pair PAIRID="37" PHENOTYPEID="2" SNPID="7" ASSOCIATION="positive" CONFIDENCE="weak"/>
		<pair PAIRID="38" PHENOTYPEID="3" SNPID="7" ASSOCIATION="positive" CONFIDENCE="weak"/>
		<pair PAIRID="39" PHENOTYPEID="4" SNPID="7" ASSOCIATION="positive" CONFIDENCE="weak"/>
		<pair PAIRID="40" PHENOTYPEID="0" SNPID="8" ASSOCIATION="positive" CONFIDENCE="weak"/>
		<pair PAIRID="41" PHENOTYPEID="1" SNPID="8" ASSOCIATION="positive" CONFIDENCE="weak"/>
		<pair PAIRID="42" PHENOTYPEID="2" SNPID="8" ASSOCIATION="positive" CONFIDENCE="weak"/>
		<pair PAIRID="43" PHENOTYPEID="3" SNPID="8" ASSOCIATION="positive" CONFIDENCE="weak"/>
		<pair PAIRID="44" PHENOTYPEID="4" SNPID="8" ASSOCIATION="positive" CONFIDENCE="weak"/>
		<pair PAIRID="45" PHENOTYPEID="0" SNPID="9" ASSOCIATION="positive" CONFIDENCE="weak"/>
		<pair PAIRID="46" PHENOTYPEID="1" SNPID="9" ASSOCIATION="positive" CONFIDENCE="weak"/>
		<pair PAIRID="47" PHENOTYPEID="2" SNPID="9" ASSOCIATION="positive" CONFIDENCE="weak"/>
		<pair PAIRID="48" PHENOTYPEID="3" SNPID="9" ASSOCIATION="positive" CONFIDENCE="weak"/>
		<pair PAIRID="49" PHENOTYPEID="4" SNPID="9" ASSOCIATION="positive" CONFIDENCE="weak"/>
		<pair PAIRID="50" PHENOTYPEID="0" SNPID="10" ASSOCIATION="neutral" CONFIDENCE="zero"/>
		<pair PAIRID="51" PHENOTYPEID="1" SNPID="10" ASSOCIATION="neutral" CONFIDENCE="zero"/>
		<pair PAIRID="52" PHENOTYPEID="2" SNPID="10" ASSOCIATION="neutral" CONFIDENCE="zero"/>
		<pair PAIRID="53" PHENOTYPEID="3" SNPID="10" ASSOCIATION="neutral" CONFIDENCE="zero"/>
		<pair PAIRID="54" PHENOTYPEID="4" SNPID="10" ASSOCIATION="neutral" CONFIDENCE="zero"/>
	</sentence>
</abstract>
