<?xml version="1.0" encoding="utf-8"?>
<!DOCTYPE abs SYSTEM "SNPPhentA.dtd">
<abstract ABSTRACTID="1105" TEXT="BACKGROUND: We investigated the relationship between withdrawal syndrome symptoms and dopamine receptor 2 DRD2 gene polymorphisms-141 C I/D (rs1799732) exon 8 G/A (rs6276) and ANKK1 (Ankyrin Repeat and Kinase Domain Containing 1) gene polymorphism Taq1A (rs1800497). METHODS: A total number of 213 patients who met the ICD 10 criteria for given phenotypes were enrolled in the study. Those phenotypes included: dissocial personality disorder, early onset, alcohol withdrawal syndrome with seizures, alcohol withdrawal syndrome with delirium tremens, and alcohol withdrawalsyndrome with seizures and delirium tremens. RESULTS: Our results show statistically significant associations between SNP in exon 8 A/G in the DRD2 gene and alcohol withdrawal syndrome with seizures, and between SNP in promoter -141 C I/D in the DRD2 gene and early onset of alcohol dependence (AD). The A/A genotype in exon 8 A/G polymorphism seems to be a positive predictive factor for the presence or the lack of seizures in alcohol withdrawal syndrome. The A/G genotype is possibly a protective factor for this AD phenotype. CONCLUSIONS: These results suggest that both investigated DRD2 polymorphisms have an impact on the AD phenotype. The findings of the presented study reconfirm that dopamine receptor 2 genepolymorphisms are associated with alcohol addiction and alcohol withdrawal syndrome.">
	<sentence ID="1105_0" START="12" END="265">
		<snp ID="0" START="141" END="150" TEXT="rs1799732"/>
		<snp ID="1" START="164" END="170" TEXT="rs6276"/>
		<snp ID="2" START="255" END="264" TEXT="rs1800497"/>
		<phenotype ID="0" START="53" END="265" text="withdrawal syndrome"/>
		<pair PAIRID="0" PHENOTYPEID="0" SNPID="0" ASSOCIATION="neutral" CONFIDENCE="zero"/>
		<pair PAIRID="1" PHENOTYPEID="0" SNPID="1" ASSOCIATION="neutral" CONFIDENCE="zero"/>
		<pair PAIRID="2" PHENOTYPEID="0" SNPID="2" ASSOCIATION="neutral" CONFIDENCE="zero"/>
	</sentence>
</abstract>
