<?xml version="1.0" encoding="utf-8"?>
<!DOCTYPE abs SYSTEM "SNPPhentA.dtd">
<abstract ABSTRACTID="1051" TEXT="Although genome-wide association studies (GWAS) have identified a significant number of single-nucleotide polymorphisms (SNPs) associated with many complex human traits, the susceptibility loci identified so far can explain only a small fraction of the genetic risk. Among other possible explanations, the lack of a comprehensive examination of gene-gene interaction (G×G) is often considered a source of the missing heritability. Previously, we reported a model-free Generalized Multifactor Dimensionality Reduction (GMDR) approach for detecting G×G in both dichotomous and quantitative phenotypes. However, the computational burden and less efficient implementation of the original programs make them impossible to use for GWAS. In this study, we developed a graphics processing unit (GPU)-based GMDR program (named GWAS-GPU), which is able not only to analyze GWAS data but also to run much faster than the earlier version of the GMDR program. As a demonstration of the program, we used the GMDR-GPU software to analyze a publicly available GWAS dataset on type 2 diabetes (T2D) from the Wellcome Trust Case Control Consortium. Through an exhaustive search of pair-wise interactions and a selected search of three- to five-way interactions conditioned on significant pair-wise results, we identified 24 core SNPs in six genes(FTO: rs9939973, rs9940128, rs9922047, rs1121980, rs9939609, rs9930506; TSPAN8: rs1495377; TCF7L2: rs4074720, rs7901695, rs4506565, rs4132670, rs10787472, rs11196205, rs10885409, rs11196208; L3MBTL3: rs10485400, rs4897366; CELF4: rs2852373, rs608489; RUNX1: rs445984, rs1040328, rs990074, rs2223046, rs2834970) that appear to be important for T2D. Of these core SNPs, 11 in FTO, TSPAN8, and TCF7L2 have been reported to be associated with T2D, obesity, or both, providing an independent replication of previously reported SNPs. Importantly, we identified three new susceptibilitygenes; i.e., L3MBTL3, CELF4, and RUNX1, for T2D, a finding that warrants further investigation with independent samples.">
	<sentence ID="1051_0" START="1131" END="1675">
		<snp ID="0" START="1334" END="1343" TEXT="rs9939973"/>
		<snp ID="1" START="1345" END="1354" TEXT="rs9940128"/>
		<snp ID="2" START="1356" END="1365" TEXT="rs9922047"/>
		<snp ID="3" START="1367" END="1376" TEXT="rs1121980"/>
		<snp ID="4" START="1378" END="1387" TEXT="rs9939609"/>
		<snp ID="5" START="1389" END="1398" TEXT="rs9930506"/>
		<snp ID="6" START="1408" END="1417" TEXT="rs1495377"/>
		<snp ID="7" START="1427" END="1436" TEXT="rs4074720"/>
		<snp ID="8" START="1438" END="1447" TEXT="rs7901695"/>
		<snp ID="9" START="1449" END="1458" TEXT="rs4506565"/>
		<snp ID="10" START="1460" END="1469" TEXT="rs4132670"/>
		<snp ID="11" START="1471" END="1481" TEXT="rs10787472"/>
		<snp ID="12" START="1483" END="1493" TEXT="rs11196205"/>
		<snp ID="13" START="1495" END="1505" TEXT="rs10885409"/>
		<snp ID="14" START="1507" END="1517" TEXT="rs11196208"/>
		<snp ID="15" START="1528" END="1538" TEXT="rs10485400"/>
		<snp ID="16" START="1540" END="1549" TEXT="rs4897366"/>
		<snp ID="17" START="1558" END="1567" TEXT="rs2852373"/>
		<snp ID="18" START="1569" END="1577" TEXT="rs608489"/>
		<snp ID="19" START="1586" END="1594" TEXT="rs445984"/>
		<snp ID="20" START="1596" END="1605" TEXT="rs1040328"/>
		<snp ID="21" START="1607" END="1615" TEXT="rs990074"/>
		<snp ID="22" START="1617" END="1626" TEXT="rs2223046"/>
		<snp ID="23" START="1628" END="1637" TEXT="rs2834970"/>
		<phenotype ID="0" START="1671" END="1675" text="T2D"/>
		<pair PAIRID="0" PHENOTYPEID="0" SNPID="0" ASSOCIATION="positive" CONFIDENCE="moderate"/>
		<pair PAIRID="1" PHENOTYPEID="0" SNPID="1" ASSOCIATION="positive" CONFIDENCE="moderate"/>
		<pair PAIRID="2" PHENOTYPEID="0" SNPID="2" ASSOCIATION="positive" CONFIDENCE="moderate"/>
		<pair PAIRID="3" PHENOTYPEID="0" SNPID="3" ASSOCIATION="positive" CONFIDENCE="moderate"/>
		<pair PAIRID="4" PHENOTYPEID="0" SNPID="4" ASSOCIATION="positive" CONFIDENCE="moderate"/>
		<pair PAIRID="5" PHENOTYPEID="0" SNPID="5" ASSOCIATION="positive" CONFIDENCE="moderate"/>
		<pair PAIRID="6" PHENOTYPEID="0" SNPID="6" ASSOCIATION="positive" CONFIDENCE="moderate"/>
		<pair PAIRID="7" PHENOTYPEID="0" SNPID="7" ASSOCIATION="positive" CONFIDENCE="moderate"/>
		<pair PAIRID="8" PHENOTYPEID="0" SNPID="8" ASSOCIATION="positive" CONFIDENCE="moderate"/>
		<pair PAIRID="9" PHENOTYPEID="0" SNPID="9" ASSOCIATION="positive" CONFIDENCE="moderate"/>
		<pair PAIRID="10" PHENOTYPEID="0" SNPID="10" ASSOCIATION="positive" CONFIDENCE="moderate"/>
		<pair PAIRID="11" PHENOTYPEID="0" SNPID="11" ASSOCIATION="positive" CONFIDENCE="moderate"/>
		<pair PAIRID="12" PHENOTYPEID="0" SNPID="12" ASSOCIATION="positive" CONFIDENCE="moderate"/>
		<pair PAIRID="13" PHENOTYPEID="0" SNPID="13" ASSOCIATION="positive" CONFIDENCE="moderate"/>
		<pair PAIRID="14" PHENOTYPEID="0" SNPID="14" ASSOCIATION="positive" CONFIDENCE="moderate"/>
		<pair PAIRID="15" PHENOTYPEID="0" SNPID="15" ASSOCIATION="positive" CONFIDENCE="moderate"/>
		<pair PAIRID="16" PHENOTYPEID="0" SNPID="16" ASSOCIATION="positive" CONFIDENCE="moderate"/>
		<pair PAIRID="17" PHENOTYPEID="0" SNPID="17" ASSOCIATION="positive" CONFIDENCE="moderate"/>
		<pair PAIRID="18" PHENOTYPEID="0" SNPID="18" ASSOCIATION="positive" CONFIDENCE="moderate"/>
		<pair PAIRID="19" PHENOTYPEID="0" SNPID="19" ASSOCIATION="positive" CONFIDENCE="moderate"/>
		<pair PAIRID="20" PHENOTYPEID="0" SNPID="20" ASSOCIATION="positive" CONFIDENCE="moderate"/>
		<pair PAIRID="21" PHENOTYPEID="0" SNPID="21" ASSOCIATION="positive" CONFIDENCE="moderate"/>
		<pair PAIRID="22" PHENOTYPEID="0" SNPID="22" ASSOCIATION="positive" CONFIDENCE="moderate"/>
		<pair PAIRID="23" PHENOTYPEID="0" SNPID="23" ASSOCIATION="positive" CONFIDENCE="moderate"/>
	</sentence>
</abstract>
