<?xml version="1.0" encoding="utf-8"?>
<!DOCTYPE abs SYSTEM "SNPPhentA.dtd">
<abstract ABSTRACTID="1267" TEXT="BACKGROUND: Apolipoprotein E (APOE) polymorphism is associated with lipid levels. Some studies have reported that blood lipid response to diet or obesity varies depending on APOE genotypes. The aim of this study was to assess the effect of APOE genotypes, the intake of saturated fatty acids(SFA), and obesity on serum lipid levels in Lithuanian adult population. RESULTS: A cross-sectional health survey was carried out in five municipalities ofLithuania. The random sample was obtained from lists of 25-64 year-old inhabitants registered at primary health care centres. The data from 996 subjects (416 men and 580 women) were analysed in this study. Two single-nucleotide polymorphisms (rs429358 and rs7412) were assessed using a real-timepolymerase chain reaction. 24-hour recall and food frequency questionnaire were used for evaluation of dietary habits. Serum lipids were determined using enzymatic methods. Men and women with the APOE2 genotype had the lowest level of total cholesterol (TC) (p = 0.002 for men, and p = 0.02 for women) and low-density lipoprotein cholesterol (LDL-C) (p&lt;0.001). Multivariate linear regression analysis showed that age, genotype APOE2, SFA intake, and body mass index (BMI) were significant determinants of TC and LDL-C level (with p values ranging from 0.043 to 0.001). Our data did not reveal any statistically significant interactions between APOE genotype and SFA intake or between APOE genotype and BMI regarding TC and LDL-C level (all p&gt;0.05). However, the predictive power of the regression model for LDL-C improved when gene-BMI interaction and gene-BMI interaction plus gene-nutrient interaction were added (p = 0.04 and p = 0.032 for R(2) change, respectively). CONCLUSIONS: APOE genotypes, SFA intake, and obesity were found to be associated with blood lipid levels in Lithuanian adult population. Analysis of gene-diet and gene-obesity interactions did not confirm that the effects of diet and obesity on TC and LDL-C level significantly depended on APOE genotype.">
	<sentence ID="1267_0" START="190" END="363">
		<snp ID="0" START="240" END="254" TEXT="APOE genotypes"/>
		<phenotype ID="0" START="270" END="363" text="saturated fatty acids(SFA)"/>
		<phenotype ID="1" START="302" END="363" text="obesity on serum lipid levels"/>
		<pair PAIRID="0" PHENOTYPEID="0" SNPID="0" ASSOCIATION="neutral" CONFIDENCE="zero"/>
		<pair PAIRID="1" PHENOTYPEID="1" SNPID="0" ASSOCIATION="neutral" CONFIDENCE="zero"/>
	</sentence>
	<sentence ID="1267_1" START="1725" END="1848">
		<snp ID="1" START="1725" END="1739" TEXT="APOE genotypes"/>
		<phenotype ID="2" START="1757" END="1848" text="obesity"/>
		<phenotype ID="3" START="1798" END="1848" text="blood lipid levels"/>
		<modality_marker  START="1770" END="1775" text="found"/>
		<pair PAIRID="2" PHENOTYPEID="2" SNPID="1" ASSOCIATION="positive" CONFIDENCE="weak"/>
		<pair PAIRID="3" PHENOTYPEID="3" SNPID="1" ASSOCIATION="positive" CONFIDENCE="weak"/>
	</sentence>
</abstract>
