<?xml version="1.0" encoding="utf-8"?>
<!DOCTYPE abs SYSTEM "SNPPhentA.dtd">
<abstract ABSTRACTID="1137" TEXT="BACKGROUND: Evidence has suggested that tumour necrosis factor (TNF)-α may be involved in the aetiology of psoriasis, but the underlying association of the TNF-α polymorphisms -238G/A (rs361525) and -308G/A (rs1800629) with the risk of psoriasis is still unconfirmed.">
	<sentence ID="1137_0" START="0" END="267">
		<snp ID="0" START="185" END="193" TEXT="rs361525"/>
		<snp ID="1" START="208" END="217" TEXT="rs1800629"/>
		<phenotype ID="0" START="236" END="267" text="psoriasis"/>
		<modality_marker  START="25" END="34" text="suggested"/>
		<modality_marker  START="71" END="74" text="may"/>
		<modality_marker  START="255" END="266" text="unconfirmed"/>
		<pair PAIRID="0" PHENOTYPEID="0" SNPID="0" ASSOCIATION="negative" CONFIDENCE="-"/>
		<pair PAIRID="1" PHENOTYPEID="0" SNPID="1" ASSOCIATION="negative" CONFIDENCE="-"/>
	</sentence>
</abstract>
