<?xml version="1.0" encoding="utf-8"?>
<!DOCTYPE abs SYSTEM "SNPPhentA.dtd">
<abstract ABSTRACTID="1125" TEXT="Three NOD2/CARD15 variants, namely two missense polymorphisms R702W rs2066844 and G908R rs2066845, and a frame shift polymorphism L1007fs rs2066847, were associated with CD in Caucasian populations.">
	<sentence ID="1125_0" START="0" END="198">
		<snp ID="0" START="62" END="77" TEXT="R702W rs2066844"/>
		<snp ID="1" START="82" END="97" TEXT="G908R rs2066845"/>
		<snp ID="2" START="130" END="147" TEXT="L1007fs rs2066847"/>
		<phenotype ID="0" START="170" END="198" text="CD"/>
		<pair PAIRID="0" PHENOTYPEID="0" SNPID="0" ASSOCIATION="positive" CONFIDENCE="weak"/>
		<pair PAIRID="1" PHENOTYPEID="0" SNPID="1" ASSOCIATION="positive" CONFIDENCE="weak"/>
		<pair PAIRID="2" PHENOTYPEID="0" SNPID="2" ASSOCIATION="positive" CONFIDENCE="weak"/>
	</sentence>
</abstract>
